applicant_id,CPA,weight
STR-05232A,"MISSION BEACH",6
STR-05249A,"MISSION BEACH",10
STR-05105A,"MISSION BEACH",10
STR-05144A,"MISSION BEACH",6
STR-00015A,"MISSION BEACH",10
STR-05226A,"MISSION BEACH",10
STR-04938A,"MISSION BEACH",6
STR-05137A,"MISSION BEACH",8
STR-05075A,"MISSION BEACH",6
STR-05257A,"MISSION BEACH",10
STR-04976A,"MISSION BEACH",5
STR-05147A,"MISSION BEACH",10
STR-05182A,"MISSION BEACH",3
STR-05175A,"MISSION BEACH",3
STR-05223A,"MISSION BEACH",10
STR-05118A,"MISSION BEACH",6
STR-05041A,"MISSION BEACH",10
STR-05209A,"MISSION BEACH",8
STR-04906A,"MISSION BEACH",3
STR-05101A,"MISSION BEACH",0
STR-05138A,"MISSION BEACH",10
STR-05120A,"MISSION BEACH",8
STR-05229A,"MISSION BEACH",6
STR-05084A,"MISSION BEACH",8
STR-05201A,"MISSION BEACH",10
STR-05115A,"MISSION BEACH",7
STR-05231A,"MISSION BEACH",4
STR-05050A,"MISSION BEACH",8
STR-04565A,"MISSION BEACH",6
STR-05123A,"MISSION BEACH",8
STR-04892A,"MISSION BEACH",3
STR-04917A,"MISSION BEACH",10
STR-05206A,"MISSION BEACH",8
STR-05057A,"MISSION BEACH",8
STR-05238A,"MISSION BEACH",3
STR-04994A,"MISSION BEACH",6
STR-05110A,"MISSION BEACH",10
STR-05092A,"MISSION BEACH",3
STR-04871A,"MISSION BEACH",8
STR-05061A,"MISSION BEACH",5
STR-04996A,"MISSION BEACH",4
STR-05085A,"MISSION BEACH",5
STR-05250A,"MISSION BEACH",6
STR-04895A,"MISSION BEACH",7
STR-05114A,"MISSION BEACH",3
STR-05074A,"MISSION BEACH",10
STR-04888A,"MISSION BEACH",10
STR-04930A,"MISSION BEACH",10
STR-04958A,"MISSION BEACH",4
STR-05013A,"MISSION BEACH",4
STR-05271A,"MISSION BEACH",8
STR-04863A,"MISSION BEACH",8
STR-05062A,"MISSION BEACH",4
STR-05001A,"MISSION BEACH",10
STR-04859A,"MISSION BEACH",3
STR-05034A,"MISSION BEACH",7
STR-04960A,"MISSION BEACH",10
STR-05029A,"MISSION BEACH",10
STR-05185A,"MISSION BEACH",3
STR-04959A,"MISSION BEACH",6
STR-05063A,"MISSION BEACH",10
STR-05064A,"MISSION BEACH",8
STR-04817A,"MISSION BEACH",7
STR-04879A,"MISSION BEACH",10
STR-04923A,"MISSION BEACH",8
STR-05004A,"MISSION BEACH",3
STR-05082A,"MISSION BEACH",4
STR-04964A,"MISSION BEACH",0
STR-05071A,"MISSION BEACH",10
STR-05069A,"MISSION BEACH",3
STR-04793A,"MISSION BEACH",10
STR-04899A,"MISSION BEACH",10
STR-04933A,"MISSION BEACH",6
STR-04965A,"MISSION BEACH",10
STR-04966A,"MISSION BEACH",10
STR-04844A,"MISSION BEACH",4
STR-05086A,"MISSION BEACH",8
STR-05035A,"MISSION BEACH",8
STR-04814A,"MISSION BEACH",5
STR-04735A,"MISSION BEACH",8
STR-04945A,"MISSION BEACH",8
STR-04835A,"MISSION BEACH",3
STR-04971A,"MISSION BEACH",3
STR-04801A,"MISSION BEACH",10
STR-05018A,"MISSION BEACH",8
STR-05043A,"MISSION BEACH",10
STR-04779A,"MISSION BEACH",8
STR-04738A,"MISSION BEACH",3
STR-04903A,"MISSION BEACH",10
STR-04878A,"MISSION BEACH",9
STR-04937A,"MISSION BEACH",6
STR-04766A,"MISSION BEACH",8
STR-05026A,"MISSION BEACH",4
STR-04954A,"MISSION BEACH",8
STR-04531A,"MISSION BEACH",6
STR-04691A,"MISSION BEACH",10
STR-04834A,"MISSION BEACH",10
STR-04898A,"MISSION BEACH",3
STR-04862A,"MISSION BEACH",7
STR-04736A,"MISSION BEACH",7
STR-04874A,"MISSION BEACH",10
STR-04897A,"MISSION BEACH",8
STR-04751A,"MISSION BEACH",10
STR-04666A,"MISSION BEACH",8
STR-04782A,"MISSION BEACH",10
STR-04900A,"MISSION BEACH",7
STR-04882A,"MISSION BEACH",3
STR-04683A,"MISSION BEACH",10
STR-04876A,"MISSION BEACH",10
STR-04798A,"MISSION BEACH",10
STR-04729A,"MISSION BEACH",7
STR-04606A,"MISSION BEACH",9
STR-04696A,"MISSION BEACH",8
STR-04807A,"MISSION BEACH",8
STR-04789A,"MISSION BEACH",2
STR-04684A,"MISSION BEACH",10
STR-04881A,"MISSION BEACH",5
STR-04813A,"MISSION BEACH",0
STR-04693A,"MISSION BEACH",6
STR-04537A,"MISSION BEACH",10
STR-04761A,"MISSION BEACH",8
STR-04722A,"MISSION BEACH",6
STR-04790A,"MISSION BEACH",10
STR-04652A,"MISSION BEACH",4
STR-04991A,"MISSION BEACH",4
STR-04772A,"MISSION BEACH",10
STR-04584A,"MISSION BEACH",10
STR-04547A,"MISSION BEACH",5
STR-04420A,"MISSION BEACH",6
STR-04734A,"MISSION BEACH",10
STR-04854A,"MISSION BEACH",10
STR-04533A,"MISSION BEACH",6
STR-04842A,"MISSION BEACH",8
STR-04741A,"MISSION BEACH",10
STR-04590A,"MISSION BEACH",8
STR-04492A,"MISSION BEACH",6
STR-04664A,"MISSION BEACH",10
STR-04757A,"MISSION BEACH",8
STR-04828A,"MISSION BEACH",10
STR-04341A,"MISSION BEACH",10
STR-04850A,"MISSION BEACH",10
STR-04663A,"MISSION BEACH",10
STR-04595A,"MISSION BEACH",9
STR-04461A,"MISSION BEACH",1
STR-04601A,"MISSION BEACH",9
STR-04786A,"MISSION BEACH",10
STR-04831A,"MISSION BEACH",10
STR-04598A,"MISSION BEACH",8
STR-04866A,"MISSION BEACH",3
STR-04703A,"MISSION BEACH",0
STR-04434A,"MISSION BEACH",6
STR-04462A,"MISSION BEACH",9
STR-04604A,"MISSION BEACH",10
STR-04525A,"MISSION BEACH",6
STR-04783A,"MISSION BEACH",10
STR-04603A,"MISSION BEACH",10
STR-04749A,"MISSION BEACH",6
STR-04726A,"MISSION BEACH",8
STR-04273A,"MISSION BEACH",10
STR-04425A,"MISSION BEACH",10
STR-04409A,"MISSION BEACH",6
STR-04712A,"MISSION BEACH",3
STR-04719A,"MISSION BEACH",0
STR-04615A,"MISSION BEACH",5
STR-04670A,"MISSION BEACH",10
STR-04728A,"MISSION BEACH",4
STR-04490A,"MISSION BEACH",6
STR-04395A,"MISSION BEACH",9
STR-04295A,"MISSION BEACH",4
STR-04582A,"MISSION BEACH",10
STR-04733A,"MISSION BEACH",10
STR-04616A,"MISSION BEACH",5
STR-04621A,"MISSION BEACH",7
STR-04619A,"MISSION BEACH",5
STR-04369A,"MISSION BEACH",0
STR-04335A,"MISSION BEACH",8
STR-04231A,"MISSION BEACH",4
STR-04466A,"MISSION BEACH",10
STR-04756A,"MISSION BEACH",4
STR-04523A,"MISSION BEACH",6
STR-04622A,"MISSION BEACH",10
STR-04540A,"MISSION BEACH",5
STR-04382A,"MISSION BEACH",6
STR-04371A,"MISSION BEACH",3
STR-04236A,"MISSION BEACH",7
STR-04476A,"MISSION BEACH",6
STR-04758A,"MISSION BEACH",7
STR-04524A,"MISSION BEACH",10
STR-04625A,"MISSION BEACH",0
STR-04602A,"MISSION BEACH",10
STR-04333A,"MISSION BEACH",8
STR-04251A,"MISSION BEACH",6
STR-04217A,"MISSION BEACH",10
STR-03655A,"MISSION BEACH",10
STR-04706A,"MISSION BEACH",0
STR-04496A,"MISSION BEACH",8
STR-04627A,"MISSION BEACH",8
STR-04608A,"MISSION BEACH",7
STR-04319A,"MISSION BEACH",8
STR-04290A,"MISSION BEACH",8
STR-04150A,"MISSION BEACH",10
STR-03523A,"MISSION BEACH",10
STR-04407A,"MISSION BEACH",10
STR-04503A,"MISSION BEACH",10
STR-04645A,"MISSION BEACH",9
STR-04574A,"MISSION BEACH",10
STR-04320A,"MISSION BEACH",10
STR-04297A,"MISSION BEACH",10
STR-04102A,"MISSION BEACH",5
STR-04410A,"MISSION BEACH",5
STR-04418A,"MISSION BEACH",1
STR-04433A,"MISSION BEACH",10
STR-04559A,"MISSION BEACH",8
STR-04453A,"MISSION BEACH",8
STR-04255A,"MISSION BEACH",10
STR-04192A,"MISSION BEACH",10
STR-04121A,"MISSION BEACH",10
STR-04423A,"MISSION BEACH",8
STR-04686A,"MISSION BEACH",10
STR-04448A,"MISSION BEACH",1
STR-04429A,"MISSION BEACH",7
STR-04513A,"MISSION BEACH",8
STR-04258A,"MISSION BEACH",6
STR-04134A,"MISSION BEACH",5
STR-04093A,"MISSION BEACH",10
STR-04430A,"MISSION BEACH",10
STR-04583A,"MISSION BEACH",10
STR-04450A,"MISSION BEACH",8
STR-04539A,"MISSION BEACH",5
STR-04402A,"MISSION BEACH",7
STR-04220A,"MISSION BEACH",10
STR-04136A,"MISSION BEACH",8
STR-03771A,"MISSION BEACH",8
STR-04263A,"MISSION BEACH",10
STR-04586A,"MISSION BEACH",7
STR-04270A,"MISSION BEACH",10
STR-04509A,"MISSION BEACH",10
STR-04353A,"MISSION BEACH",10
STR-04230A,"MISSION BEACH",8
STR-04078A,"MISSION BEACH",10
STR-04081A,"MISSION BEACH",9
STR-04265A,"MISSION BEACH",8
STR-04387A,"MISSION BEACH",10
STR-04292A,"MISSION BEACH",10
STR-04463A,"MISSION BEACH",6
STR-04338A,"MISSION BEACH",4
STR-04154A,"MISSION BEACH",10
STR-04113A,"MISSION BEACH",10
STR-03976A,"MISSION BEACH",10
STR-03925A,"MISSION BEACH",7
STR-04344A,"MISSION BEACH",10
STR-04415A,"MISSION BEACH",6
STR-04412A,"MISSION BEACH",10
STR-04321A,"MISSION BEACH",5
STR-04159A,"MISSION BEACH",10
STR-04116A,"MISSION BEACH",6
STR-04011A,"MISSION BEACH",9
STR-03927A,"MISSION BEACH",10
STR-04269A,"MISSION BEACH",10
STR-04227A,"MISSION BEACH",8
STR-04365A,"MISSION BEACH",10
STR-04274A,"MISSION BEACH",8
STR-04210A,"MISSION BEACH",7
STR-04024A,"MISSION BEACH",6
STR-04035A,"MISSION BEACH",6
STR-03949A,"MISSION BEACH",5
STR-04271A,"MISSION BEACH",8
STR-04237A,"MISSION BEACH",8
STR-04326A,"MISSION BEACH",3
STR-04289A,"MISSION BEACH",3
STR-04125A,"MISSION BEACH",10
STR-03981A,"MISSION BEACH",8
STR-03955A,"MISSION BEACH",10
STR-03965A,"MISSION BEACH",9
STR-04254A,"MISSION BEACH",6
STR-04147A,"MISSION BEACH",4
STR-04349A,"MISSION BEACH",8
STR-04303A,"MISSION BEACH",8
STR-04129A,"MISSION BEACH",5
STR-03967A,"MISSION BEACH",9
STR-03906A,"MISSION BEACH",6
STR-03824A,"MISSION BEACH",10
STR-04222A,"MISSION BEACH",10
STR-03972A,"MISSION BEACH",10
STR-04350A,"MISSION BEACH",10
STR-04242A,"MISSION BEACH",7
STR-04133A,"MISSION BEACH",10
STR-03942A,"MISSION BEACH",10
STR-03848A,"MISSION BEACH",6
STR-03729A,"MISSION BEACH",8
STR-04233A,"MISSION BEACH",8
STR-03938A,"MISSION BEACH",3
STR-04300A,"MISSION BEACH",8
STR-04212A,"MISSION BEACH",8
STR-04145A,"MISSION BEACH",9
STR-03907A,"MISSION BEACH",6
STR-03860A,"MISSION BEACH",8
STR-03738A,"MISSION BEACH",10
STR-04205A,"MISSION BEACH",10
STR-03923A,"MISSION BEACH",10
STR-04202A,"MISSION BEACH",6
STR-04179A,"MISSION BEACH",7
STR-04080A,"MISSION BEACH",10
STR-03912A,"MISSION BEACH",8
STR-03861A,"MISSION BEACH",10
STR-03644A,"MISSION BEACH",10
STR-04207A,"MISSION BEACH",10
STR-04140A,"MISSION BEACH",10
STR-04243A,"MISSION BEACH",6
STR-04163A,"MISSION BEACH",8
STR-04061A,"MISSION BEACH",10
STR-03766A,"MISSION BEACH",10
STR-03559A,"MISSION BEACH",10
STR-04037A,"MISSION BEACH",7
STR-03911A,"MISSION BEACH",10
STR-04043A,"MISSION BEACH",7
STR-04019A,"MISSION BEACH",10
STR-04038A,"MISSION BEACH",10
STR-03866A,"MISSION BEACH",3
STR-03753A,"MISSION BEACH",6
STR-03562A,"MISSION BEACH",10
STR-04068A,"MISSION BEACH",9
STR-03693A,"MISSION BEACH",10
STR-04026A,"MISSION BEACH",8
STR-03984A,"MISSION BEACH",8
STR-03983A,"MISSION BEACH",10
STR-03839A,"MISSION BEACH",10
STR-03739A,"MISSION BEACH",10
STR-03588A,"MISSION BEACH",10
STR-04021A,"MISSION BEACH",7
STR-03686A,"MISSION BEACH",8
STR-04132A,"MISSION BEACH",8
STR-03986A,"MISSION BEACH",10
STR-03999A,"MISSION BEACH",7
STR-03832A,"MISSION BEACH",8
STR-03699A,"MISSION BEACH",10
STR-03480A,"MISSION BEACH",10
STR-03891A,"MISSION BEACH",5
STR-03883A,"MISSION BEACH",10
STR-04004A,"MISSION BEACH",10
STR-03964A,"MISSION BEACH",10
STR-04000A,"MISSION BEACH",10
STR-03815A,"MISSION BEACH",6
STR-03642A,"MISSION BEACH",10
STR-03418A,"MISSION BEACH",8
STR-03993A,"MISSION BEACH",8
STR-03769A,"MISSION BEACH",10
STR-03941A,"MISSION BEACH",8
STR-03952A,"MISSION BEACH",10
STR-04008A,"MISSION BEACH",5
STR-03781A,"MISSION BEACH",7
STR-03585A,"MISSION BEACH",10
STR-03469A,"MISSION BEACH",8
STR-03995A,"MISSION BEACH",9
STR-03646A,"MISSION BEACH",10
STR-03946A,"MISSION BEACH",10
STR-03900A,"MISSION BEACH",7
STR-03960A,"MISSION BEACH",6
STR-03796A,"MISSION BEACH",9
STR-03540A,"MISSION BEACH",10
STR-03451A,"MISSION BEACH",10
STR-03871A,"MISSION BEACH",8
STR-03583A,"MISSION BEACH",10
STR-03950A,"MISSION BEACH",4
STR-03844A,"MISSION BEACH",7
STR-03962A,"MISSION BEACH",7
STR-03225A,"MISSION BEACH",8
STR-03505A,"MISSION BEACH",7
STR-03394A,"MISSION BEACH",7
STR-03778A,"MISSION BEACH",7
STR-03441A,"MISSION BEACH",8
STR-03831A,"MISSION BEACH",8
STR-03808A,"MISSION BEACH",8
STR-03828A,"MISSION BEACH",10
STR-03417A,"MISSION BEACH",8
STR-03484A,"MISSION BEACH",10
STR-03274A,"MISSION BEACH",10
STR-03816A,"MISSION BEACH",7
STR-03378A,"MISSION BEACH",6
STR-03779A,"MISSION BEACH",7
STR-03772A,"MISSION BEACH",7
STR-03775A,"MISSION BEACH",7
STR-03756A,"MISSION BEACH",10
STR-03395A,"MISSION BEACH",7
STR-03283A,"MISSION BEACH",4
STR-03819A,"MISSION BEACH",10
STR-03374A,"MISSION BEACH",6
STR-03653A,"MISSION BEACH",10
STR-03745A,"MISSION BEACH",10
STR-03717A,"MISSION BEACH",8
STR-03387A,"MISSION BEACH",8
STR-03468A,"MISSION BEACH",8
STR-03340A,"MISSION BEACH",7
STR-03852A,"MISSION BEACH",10
STR-03334A,"MISSION BEACH",6
STR-03759A,"MISSION BEACH",5
STR-03706A,"MISSION BEACH",5
STR-03647A,"MISSION BEACH",10
STR-03351A,"MISSION BEACH",10
STR-03477A,"MISSION BEACH",10
STR-03345A,"MISSION BEACH",7
STR-03801A,"MISSION BEACH",8
STR-03299A,"MISSION BEACH",4
STR-03632A,"MISSION BEACH",10
STR-03462A,"MISSION BEACH",10
STR-03622A,"MISSION BEACH",10
STR-03656A,"MISSION BEACH",10
STR-03443A,"MISSION BEACH",6
STR-03363A,"MISSION BEACH",6
STR-03763A,"MISSION BEACH",10
STR-03305A,"MISSION BEACH",6
STR-03638A,"MISSION BEACH",10
STR-03687A,"MISSION BEACH",10
STR-03580A,"MISSION BEACH",6
STR-03278A,"MISSION BEACH",6
STR-03379A,"MISSION BEACH",6
STR-03368A,"MISSION BEACH",9
STR-03749A,"MISSION BEACH",10
STR-03235A,"MISSION BEACH",8
STR-03639A,"MISSION BEACH",8
STR-03630A,"MISSION BEACH",10
STR-03596A,"MISSION BEACH",7
STR-03098A,"MISSION BEACH",6
STR-03381A,"MISSION BEACH",6
STR-03371A,"MISSION BEACH",5
STR-03677A,"MISSION BEACH",6
STR-03248A,"MISSION BEACH",6
STR-03516A,"MISSION BEACH",10
STR-03654A,"MISSION BEACH",10
STR-03526A,"MISSION BEACH",10
STR-03115A,"MISSION BEACH",10
STR-03390A,"MISSION BEACH",10
STR-03289A,"MISSION BEACH",10
STR-03732A,"MISSION BEACH",7
STR-03188A,"MISSION BEACH",10
STR-03434A,"MISSION BEACH",9
STR-03508A,"MISSION BEACH",8
STR-03493A,"MISSION BEACH",10
STR-03190A,"MISSION BEACH",6
STR-03326A,"MISSION BEACH",10
STR-03315A,"MISSION BEACH",10
STR-03643A,"MISSION BEACH",10
STR-03200A,"MISSION BEACH",10
STR-03370A,"MISSION BEACH",5
STR-03487A,"MISSION BEACH",10
STR-03507A,"MISSION BEACH",7
STR-03192A,"MISSION BEACH",5
STR-03348A,"MISSION BEACH",6
STR-03321A,"MISSION BEACH",8
STR-03561A,"MISSION BEACH",10
STR-03135A,"MISSION BEACH",8
STR-03385A,"MISSION BEACH",6
STR-03438A,"MISSION BEACH",10
STR-03407A,"MISSION BEACH",3
STR-03032A,"MISSION BEACH",10
STR-03353A,"MISSION BEACH",10
STR-03242A,"MISSION BEACH",5
STR-03584A,"MISSION BEACH",10
STR-02899A,"MISSION BEACH",9
STR-03386A,"MISSION BEACH",8
STR-03445A,"MISSION BEACH",5
STR-03163A,"MISSION BEACH",10
STR-03060A,"MISSION BEACH",8
STR-03354A,"MISSION BEACH",10
STR-03252A,"MISSION BEACH",8
STR-03593A,"MISSION BEACH",8
STR-03103A,"MISSION BEACH",10
STR-03349A,"MISSION BEACH",10
STR-03425A,"MISSION BEACH",6
STR-03486A,"MISSION BEACH",6
STR-03065A,"MISSION BEACH",6
STR-03355A,"MISSION BEACH",7
STR-03213A,"MISSION BEACH",8
STR-03500A,"MISSION BEACH",8
STR-03107A,"MISSION BEACH",10
STR-03312A,"MISSION BEACH",10
STR-03391A,"MISSION BEACH",10
STR-03333A,"MISSION BEACH",8
STR-03072A,"MISSION BEACH",10
STR-03313A,"MISSION BEACH",10
STR-03165A,"MISSION BEACH",10
STR-03501A,"MISSION BEACH",10
STR-03117A,"MISSION BEACH",6
STR-03273A,"MISSION BEACH",1
STR-03419A,"MISSION BEACH",10
STR-03342A,"MISSION BEACH",8
STR-02986A,"MISSION BEACH",10
STR-03280A,"MISSION BEACH",10
STR-03014A,"MISSION BEACH",10
STR-03463A,"MISSION BEACH",8
STR-03097A,"MISSION BEACH",10
STR-03041A,"MISSION BEACH",6
STR-03357A,"MISSION BEACH",8
STR-03347A,"MISSION BEACH",9
STR-03002A,"MISSION BEACH",8
STR-03160A,"MISSION BEACH",7
STR-03034A,"MISSION BEACH",10
STR-03372A,"MISSION BEACH",9
STR-02824A,"MISSION BEACH",10
STR-03241A,"MISSION BEACH",6
STR-03204A,"MISSION BEACH",8
STR-03380A,"MISSION BEACH",10
STR-02905A,"MISSION BEACH",10
STR-03133A,"MISSION BEACH",8
STR-03136A,"MISSION BEACH",7
STR-03268A,"MISSION BEACH",10
STR-02828A,"MISSION BEACH",8
STR-03245A,"MISSION BEACH",8
STR-03304A,"MISSION BEACH",8
STR-03246A,"MISSION BEACH",8
STR-02981A,"MISSION BEACH",8
STR-03101A,"MISSION BEACH",10
STR-02925A,"MISSION BEACH",6
STR-03254A,"MISSION BEACH",8
STR-02803A,"MISSION BEACH",10
STR-03150A,"MISSION BEACH",6
STR-03306A,"MISSION BEACH",5
STR-03142A,"MISSION BEACH",9
STR-02886A,"MISSION BEACH",8
STR-03104A,"MISSION BEACH",10
STR-02806A,"MISSION BEACH",10
STR-03131A,"MISSION BEACH",8
STR-03015A,"MISSION BEACH",10
STR-03121A,"MISSION BEACH",7
STR-03328A,"MISSION BEACH",10
STR-03066A,"MISSION BEACH",6
STR-02889A,"MISSION BEACH",9
STR-03197A,"MISSION BEACH",9
STR-02983A,"MISSION BEACH",10
STR-03336A,"MISSION BEACH",6
STR-03022A,"MISSION BEACH",7
STR-03081A,"MISSION BEACH",6
STR-03339A,"MISSION BEACH",6
STR-03074A,"MISSION BEACH",7
STR-02865A,"MISSION BEACH",6
STR-03208A,"MISSION BEACH",10
STR-03007A,"MISSION BEACH",3
STR-03236A,"MISSION BEACH",7
STR-02771A,"MISSION BEACH",10
STR-03087A,"MISSION BEACH",10
STR-03269A,"MISSION BEACH",6
STR-03129A,"MISSION BEACH",8
STR-02778A,"MISSION BEACH",8
STR-03209A,"MISSION BEACH",6
STR-02867A,"MISSION BEACH",6
STR-03240A,"MISSION BEACH",10
STR-02741A,"MISSION BEACH",9
STR-03012A,"MISSION BEACH",7
STR-03271A,"MISSION BEACH",6
STR-03049A,"MISSION BEACH",10
STR-02786A,"MISSION BEACH",10
STR-03212A,"MISSION BEACH",10
STR-02875A,"MISSION BEACH",8
STR-03198A,"MISSION BEACH",10
STR-02695A,"MISSION BEACH",10
STR-02918A,"MISSION BEACH",8
STR-03276A,"MISSION BEACH",10
STR-03058A,"MISSION BEACH",10
STR-02796A,"MISSION BEACH",8
STR-03224A,"MISSION BEACH",7
STR-02880A,"MISSION BEACH",8
STR-03199A,"MISSION BEACH",9
STR-02707A,"MISSION BEACH",10
STR-02864A,"MISSION BEACH",6
STR-03290A,"MISSION BEACH",10
STR-02985A,"MISSION BEACH",8
STR-02799A,"MISSION BEACH",8
STR-03238A,"MISSION BEACH",6
STR-02890A,"MISSION BEACH",8
STR-03099A,"MISSION BEACH",10
STR-02676A,"MISSION BEACH",5
STR-02866A,"MISSION BEACH",6
STR-03226A,"MISSION BEACH",10
STR-02988A,"MISSION BEACH",8
STR-02810A,"MISSION BEACH",8
STR-03243A,"MISSION BEACH",8
STR-02894A,"MISSION BEACH",8
STR-03054A,"MISSION BEACH",7
STR-02620A,"MISSION BEACH",8
STR-02785A,"MISSION BEACH",10
STR-03231A,"MISSION BEACH",10
STR-02998A,"MISSION BEACH",10
STR-02813A,"MISSION BEACH",10
STR-03250A,"MISSION BEACH",10
STR-02744A,"MISSION BEACH",6
STR-03021A,"MISSION BEACH",10
STR-02501A,"MISSION BEACH",10
STR-02801A,"MISSION BEACH",7
STR-03187A,"MISSION BEACH",8
STR-03003A,"MISSION BEACH",10
STR-02820A,"MISSION BEACH",10
STR-03093A,"MISSION BEACH",7
STR-02750A,"MISSION BEACH",10
STR-03042A,"MISSION BEACH",4
STR-02530A,"MISSION BEACH",9
STR-02811A,"MISSION BEACH",10
STR-03083A,"MISSION BEACH",6
STR-02857A,"MISSION BEACH",10
STR-02821A,"MISSION BEACH",10
STR-03061A,"MISSION BEACH",8
STR-02439A,"MISSION BEACH",8
STR-02990A,"MISSION BEACH",10
STR-02458A,"MISSION BEACH",10
STR-02816A,"MISSION BEACH",10
STR-03182A,"MISSION BEACH",10
STR-02789A,"MISSION BEACH",10
STR-02752A,"MISSION BEACH",10
STR-03043A,"MISSION BEACH",10
STR-02426A,"MISSION BEACH",8
STR-02945A,"MISSION BEACH",10
STR-02274A,"MISSION BEACH",10
STR-02818A,"MISSION BEACH",7
STR-03151A,"MISSION BEACH",6
STR-02819A,"MISSION BEACH",8
STR-02755A,"MISSION BEACH",10
STR-03051A,"MISSION BEACH",6
STR-02406A,"MISSION BEACH",7
STR-02906A,"MISSION BEACH",6
STR-02397A,"MISSION BEACH",8
STR-02834A,"MISSION BEACH",4
STR-03073A,"MISSION BEACH",8
STR-02776A,"MISSION BEACH",8
STR-02658A,"MISSION BEACH",10
STR-03020A,"MISSION BEACH",8
STR-02407A,"MISSION BEACH",5
STR-02926A,"MISSION BEACH",10
STR-02400A,"MISSION BEACH",10
STR-02777A,"MISSION BEACH",5
STR-03017A,"MISSION BEACH",7
STR-02779A,"MISSION BEACH",6
STR-02589A,"MISSION BEACH",10
STR-02987A,"MISSION BEACH",8
STR-02377A,"MISSION BEACH",4
STR-02902A,"MISSION BEACH",10
STR-02404A,"MISSION BEACH",7
STR-02669A,"MISSION BEACH",9
STR-03019A,"MISSION BEACH",10
STR-02710A,"MISSION BEACH",4
STR-02571A,"MISSION BEACH",5
STR-02991A,"MISSION BEACH",10
STR-02299A,"MISSION BEACH",7
STR-02868A,"MISSION BEACH",6
STR-02348A,"MISSION BEACH",10
STR-02672A,"MISSION BEACH",9
STR-02927A,"MISSION BEACH",10
STR-02726A,"MISSION BEACH",10
STR-02514A,"MISSION BEACH",8
STR-02963A,"MISSION BEACH",6
STR-02704A,"MISSION BEACH",6
STR-02829A,"MISSION BEACH",8
STR-02357A,"MISSION BEACH",4
STR-02652A,"MISSION BEACH",9
STR-03001A,"MISSION BEACH",8
STR-02698A,"MISSION BEACH",5
STR-02539A,"MISSION BEACH",10
STR-02913A,"MISSION BEACH",10
STR-02367A,"MISSION BEACH",10
STR-02831A,"MISSION BEACH",10
STR-02331A,"MISSION BEACH",4
STR-02360A,"MISSION BEACH",4
STR-03005A,"MISSION BEACH",10
STR-02684A,"MISSION BEACH",1
STR-02510A,"MISSION BEACH",10
STR-02914A,"MISSION BEACH",10
STR-02281A,"MISSION BEACH",10
STR-02770A,"MISSION BEACH",10
STR-02307A,"MISSION BEACH",7
STR-02743A,"MISSION BEACH",7
STR-02966A,"MISSION BEACH",4
STR-02678A,"MISSION BEACH",3
STR-02496A,"MISSION BEACH",1
STR-02837A,"MISSION BEACH",8
STR-02149A,"MISSION BEACH",10
STR-02702A,"MISSION BEACH",10
STR-02270A,"MISSION BEACH",10
STR-02754A,"MISSION BEACH",8
STR-02912A,"MISSION BEACH",3
STR-02653A,"MISSION BEACH",8
STR-02499A,"MISSION BEACH",8
STR-02847A,"MISSION BEACH",8
STR-02217A,"MISSION BEACH",3
STR-02705A,"MISSION BEACH",6
STR-01870A,"MISSION BEACH",9
STR-02603A,"MISSION BEACH",8
STR-02920A,"MISSION BEACH",6
STR-02622A,"MISSION BEACH",6
STR-02481A,"MISSION BEACH",10
STR-02862A,"MISSION BEACH",8
STR-02218A,"MISSION BEACH",10
STR-02666A,"MISSION BEACH",8
STR-02188A,"MISSION BEACH",10
STR-02553A,"MISSION BEACH",8
STR-02882A,"MISSION BEACH",6
STR-02610A,"MISSION BEACH",8
STR-02430A,"MISSION BEACH",10
STR-02879A,"MISSION BEACH",8
STR-02220A,"MISSION BEACH",10
STR-02625A,"MISSION BEACH",7
STR-02047A,"MISSION BEACH",8
STR-02557A,"MISSION BEACH",6
STR-02848A,"MISSION BEACH",6
STR-02574A,"MISSION BEACH",6
STR-02230A,"MISSION BEACH",5
STR-02884A,"MISSION BEACH",10
STR-02243A,"MISSION BEACH",6
STR-02577A,"MISSION BEACH",8
STR-02057A,"MISSION BEACH",10
STR-02494A,"MISSION BEACH",5
STR-02797A,"MISSION BEACH",10
STR-02529A,"MISSION BEACH",10
STR-02231A,"MISSION BEACH",10
STR-02792A,"MISSION BEACH",10
STR-02081A,"MISSION BEACH",10
STR-02511A,"MISSION BEACH",10
STR-02074A,"MISSION BEACH",6
STR-02497A,"MISSION BEACH",10
STR-02825A,"MISSION BEACH",10
STR-02555A,"MISSION BEACH",8
STR-02241A,"MISSION BEACH",6
STR-02802A,"MISSION BEACH",8
STR-01954A,"MISSION BEACH",10
STR-02354A,"MISSION BEACH",10
STR-02076A,"MISSION BEACH",10
STR-02380A,"MISSION BEACH",10
STR-02826A,"MISSION BEACH",10
STR-02516A,"MISSION BEACH",8
STR-02361A,"MISSION BEACH",3
STR-02804A,"MISSION BEACH",10
STR-02031A,"MISSION BEACH",4
STR-02420A,"MISSION BEACH",6
STR-01805A,"MISSION BEACH",3
STR-02316A,"MISSION BEACH",10
STR-02844A,"MISSION BEACH",5
STR-02517A,"MISSION BEACH",7
STR-02174A,"MISSION BEACH",10
STR-02809A,"MISSION BEACH",10
STR-01987A,"MISSION BEACH",10
STR-02425A,"MISSION BEACH",9
STR-01739A,"MISSION BEACH",6
STR-02253A,"MISSION BEACH",6
STR-02751A,"MISSION BEACH",10
STR-02340A,"MISSION BEACH",5
STR-02219A,"MISSION BEACH",10
STR-02758A,"MISSION BEACH",7
STR-01925A,"MISSION BEACH",10
STR-02429A,"MISSION BEACH",10
STR-01743A,"MISSION BEACH",9
STR-02293A,"MISSION BEACH",6
STR-02762A,"MISSION BEACH",10
STR-02114A,"MISSION BEACH",10
STR-02165A,"MISSION BEACH",1
STR-02703A,"MISSION BEACH",6
STR-01937A,"MISSION BEACH",7
STR-02401A,"MISSION BEACH",10
STR-01713A,"MISSION BEACH",6
STR-02242A,"MISSION BEACH",6
STR-02709A,"MISSION BEACH",5
STR-02433A,"MISSION BEACH",5
STR-02150A,"MISSION BEACH",8
STR-02713A,"MISSION BEACH",8
STR-01912A,"MISSION BEACH",3
STR-02282A,"MISSION BEACH",5
STR-01727A,"MISSION BEACH",10
STR-02210A,"MISSION BEACH",8
STR-02667A,"MISSION BEACH",7
STR-02306A,"MISSION BEACH",6
STR-02154A,"MISSION BEACH",8
STR-02719A,"MISSION BEACH",10
STR-01738A,"MISSION BEACH",5
STR-02289A,"MISSION BEACH",6
STR-01545A,"MISSION BEACH",10
STR-02204A,"MISSION BEACH",10
STR-02670A,"MISSION BEACH",7
STR-02308A,"MISSION BEACH",10
STR-02160A,"MISSION BEACH",8
STR-02664A,"MISSION BEACH",10
STR-01835A,"MISSION BEACH",8
STR-02309A,"MISSION BEACH",6
STR-01673A,"MISSION BEACH",7
STR-01970A,"MISSION BEACH",8
STR-02602A,"MISSION BEACH",10
STR-02310A,"MISSION BEACH",6
STR-02127A,"MISSION BEACH",7
STR-02612A,"MISSION BEACH",8
STR-01838A,"MISSION BEACH",10
STR-02213A,"MISSION BEACH",10
STR-01689A,"MISSION BEACH",10
STR-02173A,"MISSION BEACH",10
STR-02623A,"MISSION BEACH",10
STR-02311A,"MISSION BEACH",10
STR-02104A,"MISSION BEACH",10
STR-02570A,"MISSION BEACH",7
STR-01845A,"MISSION BEACH",10
STR-02045A,"MISSION BEACH",8
STR-01533A,"MISSION BEACH",8
STR-02175A,"MISSION BEACH",10
STR-02542A,"MISSION BEACH",8
STR-02313A,"MISSION BEACH",6
STR-01719A,"MISSION BEACH",10
STR-02580A,"MISSION BEACH",10
STR-01855A,"MISSION BEACH",6
STR-02130A,"MISSION BEACH",8
STR-01507A,"MISSION BEACH",6
STR-02101A,"MISSION BEACH",0
STR-02564A,"MISSION BEACH",10
STR-02318A,"MISSION BEACH",6
STR-02059A,"MISSION BEACH",8
STR-02522A,"MISSION BEACH",10
STR-01688A,"MISSION BEACH",10
STR-02145A,"MISSION BEACH",10
STR-01439A,"MISSION BEACH",6
STR-01949A,"MISSION BEACH",6
STR-02573A,"MISSION BEACH",5
STR-02286A,"MISSION BEACH",5
STR-02069A,"MISSION BEACH",6
STR-02535A,"MISSION BEACH",10
STR-01678A,"MISSION BEACH",6
STR-02172A,"MISSION BEACH",10
STR-01459A,"MISSION BEACH",2
STR-01815A,"MISSION BEACH",10
STR-02578A,"MISSION BEACH",8
STR-02288A,"MISSION BEACH",10
STR-02078A,"MISSION BEACH",8
STR-02469A,"MISSION BEACH",10
STR-01596A,"MISSION BEACH",10
STR-02182A,"MISSION BEACH",10
STR-01463A,"MISSION BEACH",6
STR-01840A,"MISSION BEACH",10
STR-02586A,"MISSION BEACH",10
STR-02093A,"MISSION BEACH",10
STR-02079A,"MISSION BEACH",6
STR-02435A,"MISSION BEACH",7
STR-01536A,"MISSION BEACH",9
STR-02187A,"MISSION BEACH",5
STR-01429A,"MISSION BEACH",10
STR-01841A,"MISSION BEACH",10
STR-02518A,"MISSION BEACH",0
STR-02097A,"MISSION BEACH",10
STR-02089A,"MISSION BEACH",10
STR-02440A,"MISSION BEACH",7
STR-01656A,"MISSION BEACH",10
STR-02017A,"MISSION BEACH",10
STR-01398A,"MISSION BEACH",9
STR-01859A,"MISSION BEACH",10
STR-02527A,"MISSION BEACH",10
STR-02221A,"MISSION BEACH",6
STR-02046A,"MISSION BEACH",10
STR-02418A,"MISSION BEACH",10
STR-01666A,"MISSION BEACH",8
STR-01971A,"MISSION BEACH",10
STR-01353A,"MISSION BEACH",3
STR-01933A,"MISSION BEACH",8
STR-02534A,"MISSION BEACH",6
STR-02227A,"MISSION BEACH",5
STR-02010A,"MISSION BEACH",1
STR-02352A,"MISSION BEACH",10
STR-01667A,"MISSION BEACH",6
STR-01742A,"MISSION BEACH",8
STR-01364A,"MISSION BEACH",1
STR-01934A,"MISSION BEACH",10
STR-02503A,"MISSION BEACH",10
STR-02229A,"MISSION BEACH",5
STR-01706A,"MISSION BEACH",6
STR-02382A,"MISSION BEACH",10
STR-01669A,"MISSION BEACH",8
STR-01915A,"MISSION BEACH",6
STR-01220A,"MISSION BEACH",6
STR-01936A,"MISSION BEACH",4
STR-02436A,"MISSION BEACH",7
STR-02065A,"MISSION BEACH",10
STR-01710A,"MISSION BEACH",6
STR-02346A,"MISSION BEACH",10
STR-01587A,"MISSION BEACH",5
STR-01854A,"MISSION BEACH",10
STR-01224A,"MISSION BEACH",10
STR-01793A,"MISSION BEACH",6
STR-02385A,"MISSION BEACH",10
STR-01998A,"MISSION BEACH",10
STR-01680A,"MISSION BEACH",8
STR-02236A,"MISSION BEACH",6
STR-01590A,"MISSION BEACH",10
STR-01856A,"MISSION BEACH",4
STR-01343A,"MISSION BEACH",6
STR-01794A,"MISSION BEACH",6
STR-02344A,"MISSION BEACH",10
STR-02015A,"MISSION BEACH",8
STR-01898A,"MISSION BEACH",6
STR-02329A,"MISSION BEACH",6
STR-01501A,"MISSION BEACH",10
STR-01822A,"MISSION BEACH",8
STR-01198A,"MISSION BEACH",10
STR-01751A,"MISSION BEACH",6
STR-01982A,"MISSION BEACH",8
STR-01947A,"MISSION BEACH",10
STR-01901A,"MISSION BEACH",10
STR-02284A,"MISSION BEACH",10
STR-01482A,"MISSION BEACH",6
STR-01761A,"MISSION BEACH",8
STR-01157A,"MISSION BEACH",10
STR-01388A,"MISSION BEACH",8
STR-02297A,"MISSION BEACH",5
STR-01941A,"MISSION BEACH",5
STR-01910A,"MISSION BEACH",10
STR-02287A,"MISSION BEACH",10
STR-01460A,"MISSION BEACH",10
STR-01725A,"MISSION BEACH",10
STR-01144A,"MISSION BEACH",6
STR-01724A,"MISSION BEACH",10
STR-02228A,"MISSION BEACH",10
STR-01802A,"MISSION BEACH",6
STR-01917A,"MISSION BEACH",8
STR-02295A,"MISSION BEACH",9
STR-01461A,"MISSION BEACH",10
STR-01736A,"MISSION BEACH",8
STR-01050A,"MISSION BEACH",10
STR-01730A,"MISSION BEACH",10
STR-02162A,"MISSION BEACH",1
STR-01809A,"MISSION BEACH",8
STR-01658A,"MISSION BEACH",6
STR-02315A,"MISSION BEACH",6
STR-01472A,"MISSION BEACH",10
STR-01671A,"MISSION BEACH",10
STR-01070A,"MISSION BEACH",8
STR-01663A,"MISSION BEACH",10
STR-02169A,"MISSION BEACH",1
STR-01813A,"MISSION BEACH",8
STR-01580A,"MISSION BEACH",10
STR-02257A,"MISSION BEACH",8
STR-01432A,"MISSION BEACH",6
STR-01687A,"MISSION BEACH",10
STR-01075A,"MISSION BEACH",10
STR-01635A,"MISSION BEACH",10
STR-02171A,"MISSION BEACH",10
STR-01914A,"MISSION BEACH",5
STR-01552A,"MISSION BEACH",6
STR-02226A,"MISSION BEACH",10
STR-01387A,"MISSION BEACH",10
STR-01632A,"MISSION BEACH",8
STR-00976A,"MISSION BEACH",4
STR-01543A,"MISSION BEACH",10
STR-02050A,"MISSION BEACH",10
STR-01923A,"MISSION BEACH",10
STR-01517A,"MISSION BEACH",8
STR-02141A,"MISSION BEACH",10
STR-01160A,"MISSION BEACH",5
STR-01456A,"MISSION BEACH",6
STR-00990A,"MISSION BEACH",5
STR-01566A,"MISSION BEACH",10
STR-02061A,"MISSION BEACH",6
STR-01926A,"MISSION BEACH",10
STR-01385A,"MISSION BEACH",8
STR-02058A,"MISSION BEACH",8
STR-01188A,"MISSION BEACH",9
STR-01558A,"MISSION BEACH",10
STR-00884A,"MISSION BEACH",10
STR-01570A,"MISSION BEACH",5
STR-02011A,"MISSION BEACH",1
STR-01746A,"MISSION BEACH",9
STR-01489A,"MISSION BEACH",6
STR-02068A,"MISSION BEACH",8
STR-01371A,"MISSION BEACH",6
STR-01579A,"MISSION BEACH",10
STR-00886A,"MISSION BEACH",10
STR-01481A,"MISSION BEACH",3
STR-01922A,"MISSION BEACH",4
STR-01758A,"MISSION BEACH",6
STR-01471A,"MISSION BEACH",8
STR-02096A,"MISSION BEACH",10
STR-01303A,"MISSION BEACH",8
STR-01589A,"MISSION BEACH",6
STR-00372A,"MISSION BEACH",10
STR-01418A,"MISSION BEACH",6
STR-01943A,"MISSION BEACH",8
STR-01679A,"MISSION BEACH",8
STR-01366A,"MISSION BEACH",10
STR-01932A,"MISSION BEACH",10
STR-01312A,"MISSION BEACH",7
STR-01546A,"MISSION BEACH",6
STR-00399A,"MISSION BEACH",10
STR-01438A,"MISSION BEACH",8
STR-01826A,"MISSION BEACH",10
STR-01560A,"MISSION BEACH",10
STR-01372A,"MISSION BEACH",10
STR-01897A,"MISSION BEACH",6
STR-01321A,"MISSION BEACH",8
STR-01427A,"MISSION BEACH",6
STR-00835A,"MISSION BEACH",10
STR-01304A,"MISSION BEACH",8
STR-01729A,"MISSION BEACH",10
STR-01567A,"MISSION BEACH",8
STR-01374A,"MISSION BEACH",6
STR-01878A,"MISSION BEACH",8
STR-01271A,"MISSION BEACH",10
STR-01367A,"MISSION BEACH",10
STR-00848A,"MISSION BEACH",10
STR-01305A,"MISSION BEACH",10
STR-01534A,"MISSION BEACH",10
STR-01569A,"MISSION BEACH",6
STR-01336A,"MISSION BEACH",10
STR-01712A,"MISSION BEACH",10
STR-01272A,"MISSION BEACH",4
STR-01376A,"MISSION BEACH",10
STR-00827A,"MISSION BEACH",6
STR-01354A,"MISSION BEACH",3
STR-01629A,"MISSION BEACH",10
STR-01576A,"MISSION BEACH",10
STR-01223A,"MISSION BEACH",10
STR-01717A,"MISSION BEACH",6
STR-01285A,"MISSION BEACH",10
STR-01320A,"MISSION BEACH",10
STR-00692A,"MISSION BEACH",6
STR-01369A,"MISSION BEACH",6
STR-01422A,"MISSION BEACH",6
STR-01625A,"MISSION BEACH",8
STR-01251A,"MISSION BEACH",10
STR-01853A,"MISSION BEACH",10
STR-01226A,"MISSION BEACH",8
STR-01345A,"MISSION BEACH",6
STR-00500A,"MISSION BEACH",10
STR-01273A,"MISSION BEACH",10
STR-01473A,"MISSION BEACH",10
STR-01483A,"MISSION BEACH",3
STR-01256A,"MISSION BEACH",10
STR-01800A,"MISSION BEACH",8
STR-01242A,"MISSION BEACH",6
STR-01294A,"MISSION BEACH",8
STR-00505A,"MISSION BEACH",5
STR-01202A,"MISSION BEACH",10
STR-01484A,"MISSION BEACH",3
STR-01351A,"MISSION BEACH",5
STR-01206A,"MISSION BEACH",10
STR-01582A,"MISSION BEACH",6
STR-01149A,"MISSION BEACH",10
STR-01181A,"MISSION BEACH",10
STR-00474A,"MISSION BEACH",4
STR-01193A,"MISSION BEACH",8
STR-01503A,"MISSION BEACH",10
STR-01451A,"MISSION BEACH",8
STR-01054A,"MISSION BEACH",10
STR-01377A,"MISSION BEACH",8
STR-00834A,"MISSION BEACH",6
STR-01222A,"MISSION BEACH",3
STR-00364A,"MISSION BEACH",6
STR-01190A,"MISSION BEACH",10
STR-01401A,"MISSION BEACH",10
STR-01455A,"MISSION BEACH",10
STR-01066A,"MISSION BEACH",10
STR-01668A,"MISSION BEACH",8
STR-01111A,"MISSION BEACH",10
STR-01155A,"MISSION BEACH",10
STR-00238A,"MISSION BEACH",8
STR-01161A,"MISSION BEACH",4
STR-01315A,"MISSION BEACH",10
STR-01389A,"MISSION BEACH",8
STR-00836A,"MISSION BEACH",10
STR-01685A,"MISSION BEACH",10
STR-01115A,"MISSION BEACH",10
STR-01097A,"MISSION BEACH",8
STR-00239A,"MISSION BEACH",10
STR-01163A,"MISSION BEACH",10
STR-01056A,"MISSION BEACH",4
STR-01342A,"MISSION BEACH",10
STR-00985A,"MISSION BEACH",6
STR-01564A,"MISSION BEACH",10
STR-00973A,"MISSION BEACH",10
STR-01043A,"MISSION BEACH",9
STR-00246A,"MISSION BEACH",4
STR-01063A,"MISSION BEACH",5
STR-01074A,"MISSION BEACH",10
STR-01234A,"MISSION BEACH",5
STR-00797A,"MISSION BEACH",10
STR-01571A,"MISSION BEACH",10
STR-01022A,"MISSION BEACH",6
STR-01012A,"MISSION BEACH",8
STR-00167A,"MISSION BEACH",6
STR-01139A,"MISSION BEACH",6
STR-01309A,"MISSION BEACH",8
STR-01316A,"MISSION BEACH",8
STR-00761A,"MISSION BEACH",6
STR-01572A,"MISSION BEACH",8
STR-00757A,"MISSION BEACH",7
STR-00962A,"MISSION BEACH",9
STR-00704A,"MISSION BEACH",8
STR-01148A,"MISSION BEACH",10
STR-01119A,"MISSION BEACH",10
STR-01327A,"MISSION BEACH",6
STR-00673A,"MISSION BEACH",8
STR-01524A,"MISSION BEACH",9
STR-00782A,"MISSION BEACH",6
STR-00970A,"MISSION BEACH",8
STR-00655A,"MISSION BEACH",10
STR-01002A,"MISSION BEACH",7
STR-01147A,"MISSION BEACH",9
STR-01276A,"MISSION BEACH",6
STR-00617A,"MISSION BEACH",8
STR-01537A,"MISSION BEACH",6
STR-00951A,"MISSION BEACH",10
STR-00984A,"MISSION BEACH",10
STR-00626A,"MISSION BEACH",6
STR-01016A,"MISSION BEACH",10
STR-01164A,"MISSION BEACH",0
STR-01203A,"MISSION BEACH",6
STR-00587A,"MISSION BEACH",10
STR-01541A,"MISSION BEACH",10
STR-00726A,"MISSION BEACH",8
STR-00939A,"MISSION BEACH",8
STR-00589A,"MISSION BEACH",1
STR-01019A,"MISSION BEACH",10
STR-01044A,"MISSION BEACH",9
STR-01095A,"MISSION BEACH",10
STR-00598A,"MISSION BEACH",4
STR-01497A,"MISSION BEACH",10
STR-00709A,"MISSION BEACH",8
STR-00907A,"MISSION BEACH",10
STR-00571A,"MISSION BEACH",10
STR-00892A,"MISSION BEACH",6
STR-00977A,"MISSION BEACH",10
STR-01187A,"MISSION BEACH",10
STR-00404A,"MISSION BEACH",10
STR-01352A,"MISSION BEACH",3
STR-00684A,"MISSION BEACH",10
STR-00900A,"MISSION BEACH",8
STR-00530A,"MISSION BEACH",10
STR-00927A,"MISSION BEACH",10
STR-00978A,"MISSION BEACH",10
STR-01088A,"MISSION BEACH",10
STR-00535A,"MISSION BEACH",6
STR-01358A,"MISSION BEACH",6
STR-00653A,"MISSION BEACH",5
STR-00887A,"MISSION BEACH",10
STR-00467A,"MISSION BEACH",10
STR-00423A,"MISSION BEACH",9
STR-00877A,"MISSION BEACH",4
STR-00996A,"MISSION BEACH",8
STR-00491A,"MISSION BEACH",8
STR-01243A,"MISSION BEACH",6
STR-00642A,"MISSION BEACH",8
STR-00858A,"MISSION BEACH",10
STR-00498A,"MISSION BEACH",10
STR-00854A,"MISSION BEACH",5
STR-00949A,"MISSION BEACH",6
STR-00953A,"MISSION BEACH",6
STR-00358A,"MISSION BEACH",8
STR-01146A,"MISSION BEACH",6
STR-00420A,"MISSION BEACH",10
STR-00842A,"MISSION BEACH",10
STR-00317A,"MISSION BEACH",8
STR-00867A,"MISSION BEACH",10
STR-00870A,"MISSION BEACH",7
STR-00948A,"MISSION BEACH",6
STR-00306A,"MISSION BEACH",8
STR-01233A,"MISSION BEACH",5
STR-00504A,"MISSION BEACH",10
STR-00808A,"MISSION BEACH",5
STR-00241A,"MISSION BEACH",8
STR-00806A,"MISSION BEACH",8
STR-00506A,"MISSION BEACH",6
STR-00880A,"MISSION BEACH",8
STR-00247A,"MISSION BEACH",8
STR-01189A,"MISSION BEACH",10
STR-00604A,"MISSION BEACH",8
STR-00780A,"MISSION BEACH",8
STR-00249A,"MISSION BEACH",8
STR-00810A,"MISSION BEACH",6
STR-00845A,"MISSION BEACH",10
STR-00825A,"MISSION BEACH",6
STR-00137A,"MISSION BEACH",8
STR-01162A,"MISSION BEACH",10
STR-00379A,"MISSION BEACH",10
STR-00764A,"MISSION BEACH",10
STR-00072A,"MISSION BEACH",10
STR-00765A,"MISSION BEACH",10
STR-00725A,"MISSION BEACH",10
STR-00833A,"MISSION BEACH",6
STR-00184A,"MISSION BEACH",8
STR-01135A,"MISSION BEACH",9
STR-00728A,"MISSION BEACH",10
STR-00715A,"MISSION BEACH",6
STR-00337A,"MISSION BEACH",10
STR-00660A,"MISSION BEACH",6
STR-00739A,"MISSION BEACH",10
STR-00840A,"MISSION BEACH",10
STR-00360A,"MISSION BEACH",8
STR-01061A,"MISSION BEACH",8
STR-00746A,"MISSION BEACH",6
STR-00640A,"MISSION BEACH",10
STR-00114A,"MISSION BEACH",10
STR-00669A,"MISSION BEACH",8
STR-00717A,"MISSION BEACH",9
STR-00844A,"MISSION BEACH",10
STR-00044A,"MISSION BEACH",6
STR-01064A,"MISSION BEACH",4
STR-00668A,"MISSION BEACH",9
STR-00581A,"MISSION BEACH",6
STR-00469A,"MISSION BEACH",8
STR-00562A,"MISSION BEACH",8
STR-00637A,"MISSION BEACH",6
STR-00811A,"MISSION BEACH",8
STR-00403A,"MISSION BEACH",10
STR-00901A,"MISSION BEACH",8
STR-00336A,"MISSION BEACH",8
STR-00488A,"MISSION BEACH",10
STR-00189A,"MISSION BEACH",7
STR-00563A,"MISSION BEACH",8
STR-00324A,"MISSION BEACH",6
STR-00812A,"MISSION BEACH",10
STR-00244A,"MISSION BEACH",9
STR-00947A,"MISSION BEACH",6
STR-00257A,"MISSION BEACH",6
STR-00428A,"MISSION BEACH",8
STR-00019A,"MISSION BEACH",10
STR-00573A,"MISSION BEACH",5
STR-00009A,"MISSION BEACH",10
STR-00802A,"MISSION BEACH",10
STR-00177A,"MISSION BEACH",10
STR-00972A,"MISSION BEACH",8
STR-00093A,"MISSION BEACH",6
STR-00418A,"MISSION BEACH",3
STR-00101A,"MISSION BEACH",6
STR-00616A,"MISSION BEACH",6
STR-00102A,"MISSION BEACH",10
STR-00792A,"MISSION BEACH",10
STR-01024A,"MISSION BEACH",10
STR-00211A,"MISSION BEACH",10
STR-00624A,"MISSION BEACH",10
STR-00003A,"MISSION BEACH",8
STR-01025A,"MISSION BEACH",10
STR-00402A,"MISSION BEACH",10
STR-00636A,"MISSION BEACH",10
STR-00038A,"MISSION BEACH",10
STR-01026A,"MISSION BEACH",10
STR-00304A,"MISSION BEACH",10
STR-00526A,"MISSION BEACH",8
STR-00762A,"MISSION BEACH",6
STR-01048A,"MISSION BEACH",10
STR-00143A,"MISSION BEACH",9
STR-00534A,"MISSION BEACH",7
STR-00770A,"MISSION BEACH",10
STR-00874A,"MISSION BEACH",4
STR-00033A,"MISSION BEACH",6
STR-00541A,"MISSION BEACH",10
STR-00630A,"MISSION BEACH",9
STR-00795A,"MISSION BEACH",10
STR-00104A,"MISSION BEACH",6
STR-00472A,"MISSION BEACH",4
STR-00473A,"MISSION BEACH",10
STR-00803A,"MISSION BEACH",8
STR-00591A,"MISSION BEACH",10
STR-00484A,"MISSION BEACH",10
STR-00441A,"MISSION BEACH",10
STR-00748A,"MISSION BEACH",10
STR-00359A,"MISSION BEACH",6
STR-00485A,"MISSION BEACH",7
STR-00323A,"MISSION BEACH",6
STR-00756A,"MISSION BEACH",7
STR-00266A,"MISSION BEACH",8
STR-00507A,"MISSION BEACH",6
STR-00188A,"MISSION BEACH",7
STR-00537A,"MISSION BEACH",8
STR-00190A,"MISSION BEACH",10
STR-00380A,"MISSION BEACH",10
STR-00731A,"MISSION BEACH",10
STR-00409A,"MISSION BEACH",10
STR-00664A,"MISSION BEACH",10
STR-00275A,"MISSION BEACH",6
STR-00671A,"MISSION BEACH",10
STR-00350A,"MISSION BEACH",8
STR-00497A,"MISSION BEACH",10
STR-00235A,"MISSION BEACH",6
STR-00427A,"MISSION BEACH",6
STR-00245A,"MISSION BEACH",9
STR-00373A,"MISSION BEACH",10
STR-00376A,"MISSION BEACH",6
STR-00339A,"MISSION BEACH",9
STR-00325A,"MISSION BEACH",6
STR-00267A,"MISSION BEACH",6
STR-00285A,"MISSION BEACH",7
STR-00066A,"MISSION BEACH",10
STR-00236A,"MISSION BEACH",6
